2023-05-17 16:55:03.277743, 21, 55, 400, 0, 13493, 18352
2023-05-17 16:55:03.279483, 21, 55, 400, 0, 13493, 18352
2023-05-17 16:55:03.281413, 21, 55, 400, 0, 13493, 18352
2023-05-17 16:55:13.798028, 21, 55, 400, 0, 13536, 18441
2023-05-17 16:55:13.799879, 21, 55, 400, 0, 13536, 18441
2023-05-17 16:55:13.801807, 21, 55, 400, 0, 13536, 18441
2023-05-17 16:55:24.303143, 21, 55, 400, 0, 13576, 18512
2023-05-17 16:55:24.304725, 21, 55, 400, 0, 13576, 18512
2023-05-17 16:55:24.306895, 21, 55, 400, 0, 13576, 18512
2023-05-17 16:55:34.712667, 21, 55, 400, 0, 13602, 18582
2023-05-17 16:55:34.714673, 21, 55, 400, 0, 13602, 18582
2023-05-17 16:55:34.716603, 21, 55, 400, 0, 13602, 18582
2023-05-17 16:56:25.529754, 21, 56, 400, 0, 13479, 18355
2023-05-17 16:56:25.531527, 21, 56, 400, 0, 13479, 18355
2023-05-17 16:56:25.533518, 21, 56, 400, 0, 13479, 18355
2023-05-17 16:56:36.011732, 21, 56, 400, 0, 13649, 18623
2023-05-17 16:56:36.013449, 21, 56, 400, 0, 13649, 18623
2023-05-17 16:56:36.015454, 21, 56, 400, 0, 13649, 18623
2023-05-17 16:56:46.498831, 21, 56, 400, 0, 13701, 18726
2023-05-17 16:56:46.500621, 21, 56, 400, 0, 13701, 18726
2023-05-17 16:56:46.502636, 21, 56, 400, 0, 13701, 18726
2023-05-17 16:56:56.914446, 21, 56, 400, 0, 13714, 18786
2023-05-17 16:56:56.916619, 21, 56, 400, 0, 13714, 18786
2023-05-17 16:56:56.918469, 21, 56, 400, 0, 13714, 18786
2023-05-17 16:57:07.466783, 21, 56, 400, 0, 13728, 18827
2023-05-17 16:57:07.468691, 21, 56, 400, 0, 13728, 18827
2023-05-17 16:57:07.470553, 21, 56, 400, 0, 13728, 18827
2023-05-17 16:58:44.043298, 21, 55, 400, 0, 13758, 19003
2023-05-17 16:58:44.045074, 21, 55, 400, 0, 13758, 19003
2023-05-17 16:58:44.047067, 21, 55, 400, 0, 13758, 19003
2023-05-17 16:58:54.654941, 21, 55, 408, 0, 13759, 19008
2023-05-17 16:58:54.658814, 21, 55, 408, 0, 13759, 19008
2023-05-17 16:58:54.661190, 21, 55, 408, 0, 13759, 19008
2023-05-17 16:59:05.119129, 21, 55, 400, 0, 13754, 19013
2023-05-17 16:59:05.120843, 21, 55, 400, 0, 13754, 19013
2023-05-17 16:59:05.122879, 21, 55, 400, 0, 13754, 19013
2023-05-17 16:59:15.556049, 21, 55, 400, 0, 13766, 19034
2023-05-17 16:59:15.557912, 21, 55, 400, 0, 13766, 19034
2023-05-17 16:59:15.559877, 21, 55, 400, 0, 13766, 19034
2023-05-17 16:59:26.016630, 21, 55, 406, 0, 13768, 19029
2023-05-17 16:59:26.018712, 21, 55, 406, 0, 13768, 19029
2023-05-17 16:59:26.020746, 21, 55, 406, 0, 13768, 19029
2023-05-17 16:59:36.669103, 21, 55, 414, 0, 13759, 19036
2023-05-17 16:59:36.671232, 21, 55, 414, 0, 13759, 19036
2023-05-17 16:59:36.673077, 21, 55, 414, 0, 13759, 19036
2023-05-17 16:59:46.881146, 21, 55, 414, 0, 13762, 19045
2023-05-17 16:59:46.882878, 21, 55, 414, 0, 13762, 19045
2023-05-17 16:59:46.884888, 21, 55, 414, 0, 13762, 19045
2023-05-17 17:01:13.018106, 21, 55, 412, 0, 13756, 19087
2023-05-17 17:01:13.019879, 21, 55, 412, 0, 13756, 19087
2023-05-17 17:01:13.021890, 21, 55, 412, 0, 13756, 19087
2023-05-17 17:01:23.936786, 21, 55, 415, 0, 13759, 19090
2023-05-17 17:01:23.938580, 21, 55, 415, 0, 13759, 19090
2023-05-17 17:01:23.940581, 21, 55, 415, 0, 13759, 19090
2023-05-17 17:01:34.455530, 21, 55, 408, 0, 13761, 19098
2023-05-17 17:01:34.457319, 21, 55, 408, 0, 13761, 19098
2023-05-17 17:01:34.459323, 21, 55, 408, 0, 13761, 19098
2023-05-17 17:01:45.034292, 21, 55, 418, 0, 13749, 19092
2023-05-17 17:01:45.036152, 21, 55, 418, 0, 13749, 19092
2023-05-17 17:01:45.038118, 21, 55, 418, 0, 13749, 19092
2023-05-17 17:01:55.452224, 21, 55, 406, 0, 13764, 19102
2023-05-17 17:01:55.454027, 21, 55, 406, 0, 13764, 19102
2023-05-17 17:01:55.456023, 21, 55, 406, 0, 13764, 19102
2023-05-17 17:02:05.919551, 21, 55, 420, 0, 13756, 19100
2023-05-17 17:02:05.921274, 21, 55, 420, 0, 13756, 19100
2023-05-17 17:02:05.923308, 21, 55, 420, 0, 13756, 19100
2023-05-17 17:02:17.069257, 21, 55, 415, 0, 13756, 19103
2023-05-17 17:02:17.071245, 21, 55, 415, 0, 13756, 19103
2023-05-17 17:02:17.073312, 21, 55, 415, 0, 13756, 19103
2023-05-17 17:02:27.649028, 21, 56, 417, 0, 13752, 19095
2023-05-17 17:02:27.651059, 21, 56, 417, 0, 13752, 19095
2023-05-17 17:02:27.652826, 21, 56, 417, 0, 13752, 19095
2023-05-17 17:02:38.060186, 21, 56, 425, 0, 13755, 19095
2023-05-17 17:02:38.061947, 21, 56, 425, 0, 13755, 19095
2023-05-17 17:02:38.064002, 21, 56, 425, 0, 13755, 19095
2023-05-17 17:02:48.577476, 21, 56, 408, 0, 13762, 19114
2023-05-17 17:02:48.579183, 21, 56, 408, 0, 13762, 19114
2023-05-17 17:02:48.581173, 21, 56, 408, 0, 13762, 19114
2023-05-17 17:02:59.022247, 21, 56, 401, 0, 13762, 19120
2023-05-17 17:02:59.023907, 21, 56, 401, 0, 13762, 19120
2023-05-17 17:02:59.025939, 21, 56, 401, 0, 13762, 19120
2023-05-17 17:03:09.520021, 21, 56, 400, 0, 13763, 19123
2023-05-17 17:03:09.521980, 21, 56, 400, 0, 13763, 19123
2023-05-17 17:03:09.523851, 21, 56, 400, 0, 13763, 19123
2023-05-17 17:03:19.804517, 21, 56, 400, 0, 13766, 19119
2023-05-17 17:03:19.806425, 21, 56, 400, 0, 13766, 19119
2023-05-17 17:03:19.808424, 21, 56, 400, 0, 13766, 19119
2023-05-17 17:03:30.396820, 21, 56, 406, 0, 13766, 19122
2023-05-17 17:03:30.398583, 21, 56, 406, 0, 13766, 19122
2023-05-17 17:03:30.400653, 21, 56, 406, 0, 13766, 19122
2023-05-17 17:03:41.230902, 21, 56, 408, 0, 13761, 19129
2023-05-17 17:03:41.232677, 21, 56, 408, 0, 13761, 19129
2023-05-17 17:03:41.234677, 21, 56, 408, 0, 13761, 19129
2023-05-17 17:03:51.699236, 21, 56, 404, 0, 13763, 19130
2023-05-17 17:03:51.701072, 21, 56, 404, 0, 13763, 19130
2023-05-17 17:03:51.703064, 21, 56, 404, 0, 13763, 19130
2023-05-17 17:05:42.835342, 21, 56, 402, 0, 13760, 19152
2023-05-17 17:05:42.837185, 21, 56, 402, 0, 13760, 19152
2023-05-17 17:05:42.839171, 21, 56, 402, 0, 13760, 19152
2023-05-17 17:05:53.486520, 21, 56, 414, 0, 13754, 19157
2023-05-17 17:05:53.488273, 21, 56, 414, 0, 13754, 19157
2023-05-17 17:05:53.490300, 21, 56, 414, 0, 13754, 19157
2023-05-17 17:06:03.946845, 21, 56, 408, 0, 13755, 19159
2023-05-17 17:06:03.948863, 21, 56, 408, 0, 13755, 19159
2023-05-17 17:06:03.950676, 21, 56, 408, 0, 13755, 19159
2023-05-17 17:06:14.393129, 21, 56, 422, 0, 13744, 19152
2023-05-17 17:06:14.394953, 21, 56, 422, 0, 13744, 19152
2023-05-17 17:06:14.396966, 21, 56, 422, 0, 13744, 19152
2023-05-17 17:06:24.840701, 21, 56, 420, 0, 13749, 19148
2023-05-17 17:06:24.841019, 21, 56, 420, 0, 13749, 19148
2023-05-17 17:06:24.842646, 21, 56, 420, 0, 13749, 19148
2023-05-17 17:06:35.327838, 21, 56, 413, 0, 13751, 19151
2023-05-17 17:06:35.329424, 21, 56, 413, 0, 13751, 19151
2023-05-17 17:06:35.331876, 21, 56, 413, 0, 13751, 19151
2023-05-17 17:06:45.584611, 21, 56, 413, 0, 13750, 19152
2023-05-17 17:06:45.586236, 21, 56, 413, 0, 13750, 19152
2023-05-17 17:06:45.588302, 21, 56, 413, 0, 13750, 19152
2023-05-17 17:06:56.230956, 21, 56, 414, 0, 13751, 19153
2023-05-17 17:06:56.232782, 21, 56, 414, 0, 13751, 19153
2023-05-17 17:06:56.234723, 21, 56, 414, 0, 13751, 19153
2023-05-17 17:07:06.610876, 21, 56, 406, 0, 13760, 19166
2023-05-17 17:07:06.612906, 21, 56, 406, 0, 13760, 19166
2023-05-17 17:07:06.614896, 21, 56, 406, 0, 13760, 19166
2023-05-17 17:07:17.153416, 21, 56, 411, 0, 13757, 19172
2023-05-17 17:07:17.155188, 21, 56, 411, 0, 13757, 19172
2023-05-17 17:07:17.157174, 21, 56, 411, 0, 13757, 19172
2023-05-17 17:07:27.521824, 21, 56, 405, 0, 13757, 19169
2023-05-17 17:07:27.523583, 21, 56, 405, 0, 13757, 19169
2023-05-17 17:07:27.525649, 21, 56, 405, 0, 13757, 19169
2023-05-17 17:07:37.953881, 21, 56, 426, 0, 13750, 19167
2023-05-17 17:07:37.956432, 21, 56, 426, 0, 13750, 19167
2023-05-17 17:07:37.957619, 21, 56, 426, 0, 13750, 19167
2023-05-17 17:07:48.227208, 21, 56, 421, 0, 13747, 19168
2023-05-17 17:07:48.228981, 21, 56, 421, 0, 13747, 19168
2023-05-17 17:07:48.230986, 21, 56, 421, 0, 13747, 19168
2023-05-17 17:07:58.853482, 21, 56, 417, 0, 13748, 19163
2023-05-17 17:07:58.855288, 21, 56, 417, 0, 13748, 19163
2023-05-17 17:07:58.857235, 21, 56, 417, 0, 13748, 19163
2023-05-17 17:08:09.311333, 21, 56, 415, 0, 13754, 19171
2023-05-17 17:08:09.313107, 21, 56, 415, 0, 13754, 19171
2023-05-17 17:08:09.315118, 21, 56, 415, 0, 13754, 19171
2023-05-17 17:08:19.759304, 21, 56, 416, 0, 13747, 19171
2023-05-17 17:08:19.761117, 21, 56, 416, 0, 13747, 19171
2023-05-17 17:08:19.763158, 21, 56, 416, 0, 13747, 19171
2023-05-17 17:08:30.202049, 21, 56, 422, 0, 13743, 19178
2023-05-17 17:08:30.203814, 21, 56, 422, 0, 13743, 19178
2023-05-17 17:08:30.205812, 21, 56, 422, 0, 13743, 19178
2023-05-17 17:08:40.650626, 21, 56, 459, 0, 13715, 19165
2023-05-17 17:08:40.652443, 21, 56, 459, 0, 13715, 19165
2023-05-17 17:08:40.654421, 21, 56, 459, 0, 13715, 19165
2023-05-17 17:08:50.925857, 21, 56, 458, 0, 13722, 19171
2023-05-17 17:08:50.927681, 21, 56, 458, 0, 13722, 19171
2023-05-17 17:08:50.929692, 21, 56, 458, 0, 13722, 19171
2023-05-17 17:09:01.594009, 21, 56, 458, 0, 13715, 19168
2023-05-17 17:09:01.595788, 21, 56, 458, 0, 13715, 19168
2023-05-17 17:09:01.597737, 21, 56, 458, 0, 13715, 19168
2023-05-17 17:09:12.049467, 21, 56, 446, 0, 13721, 19172
2023-05-17 17:09:12.051214, 21, 56, 446, 0, 13721, 19172
2023-05-17 17:09:12.053269, 21, 56, 446, 0, 13721, 19172
2023-05-17 17:10:28.215913, 21, 56, 433, 0, 13733, 19181
2023-05-17 17:10:28.217587, 21, 56, 433, 0, 13733, 19181
2023-05-17 17:10:28.219715, 21, 56, 433, 0, 13733, 19181
2023-05-17 17:10:38.908360, 21, 56, 442, 0, 13730, 19179
2023-05-17 17:10:38.910150, 21, 56, 442, 0, 13730, 19179
2023-05-17 17:10:38.912166, 21, 56, 442, 0, 13730, 19179
2023-05-17 17:10:49.347996, 21, 56, 439, 2, 13733, 19178
2023-05-17 17:10:49.349747, 21, 56, 439, 2, 13733, 19178
2023-05-17 17:10:49.351767, 21, 56, 439, 2, 13733, 19178
2023-05-17 17:10:59.800427, 21, 56, 433, 0, 13741, 19191
2023-05-17 17:10:59.802095, 21, 56, 433, 0, 13741, 19191
2023-05-17 17:10:59.804152, 21, 56, 433, 0, 13741, 19191
2023-05-17 17:11:10.242841, 21, 56, 433, 0, 13736, 19191
2023-05-17 17:11:10.244490, 21, 56, 433, 0, 13736, 19191
2023-05-17 17:11:10.246467, 21, 56, 433, 0, 13736, 19191
2023-05-17 17:11:20.715269, 21, 56, 420, 0, 13737, 19195
2023-05-17 17:11:20.717056, 21, 56, 420, 0, 13737, 19195
2023-05-17 17:11:20.719127, 21, 56, 420, 0, 13737, 19195
2023-05-17 17:11:31.007331, 21, 56, 430, 0, 13734, 19194
2023-05-17 17:11:31.009087, 21, 56, 430, 0, 13734, 19194
2023-05-17 17:11:31.011081, 21, 56, 430, 0, 13734, 19194
2023-05-17 17:11:41.595876, 21, 56, 448, 2, 13723, 19196
2023-05-17 17:11:41.597693, 21, 56, 448, 2, 13723, 19196
2023-05-17 17:11:41.599663, 21, 56, 448, 2, 13723, 19196
2023-05-17 17:11:52.043923, 21, 56, 430, 0, 13738, 19210
2023-05-17 17:11:52.045743, 21, 56, 430, 0, 13738, 19210
2023-05-17 17:11:52.047774, 21, 56, 430, 0, 13738, 19210
2023-05-17 17:12:02.476456, 21, 56, 430, 0, 13737, 19199
2023-05-17 17:12:02.478245, 21, 56, 430, 0, 13737, 19199
2023-05-17 17:12:02.480237, 21, 56, 430, 0, 13737, 19199
2023-05-17 17:15:09.992157, 21, 56, 432, 0, 13733, 19206
2023-05-17 17:15:09.994161, 21, 56, 432, 0, 13733, 19206
2023-05-17 17:15:09.996008, 21, 56, 432, 0, 13733, 19206
2023-05-17 17:15:20.430330, 21, 55, 439, 2, 13727, 19204
2023-05-17 17:15:20.432171, 21, 55, 439, 2, 13727, 19204
2023-05-17 17:15:20.434228, 21, 55, 439, 2, 13727, 19204
2023-05-17 17:15:30.855791, 21, 55, 442, 4, 13724, 19209
2023-05-17 17:15:30.857570, 21, 55, 442, 4, 13724, 19209
2023-05-17 17:15:30.859618, 21, 55, 442, 4, 13724, 19209
2023-05-17 17:15:41.304256, 21, 55, 447, 4, 13727, 19204
2023-05-17 17:15:41.305991, 21, 55, 447, 4, 13727, 19204
2023-05-17 17:15:41.308017, 21, 55, 447, 4, 13727, 19204
2023-05-17 17:15:51.886197, 21, 55, 429, 4, 13729, 19203
2023-05-17 17:15:51.887985, 21, 55, 429, 4, 13729, 19203
2023-05-17 17:15:51.890042, 21, 55, 429, 4, 13729, 19203
2023-05-17 17:16:02.328947, 21, 55, 444, 3, 13725, 19204
2023-05-17 17:16:02.330749, 21, 55, 444, 3, 13725, 19204
2023-05-17 17:16:02.332772, 21, 55, 444, 3, 13725, 19204
2023-05-17 17:16:12.572068, 21, 55, 437, 0, 13727, 19220
2023-05-17 17:16:12.573750, 21, 55, 437, 0, 13727, 19220
2023-05-17 17:16:12.575851, 21, 55, 437, 0, 13727, 19220
2023-05-17 17:16:23.207366, 21, 55, 451, 2, 13713, 19217
2023-05-17 17:16:23.209041, 21, 55, 451, 2, 13713, 19217
2023-05-17 17:16:23.211081, 21, 55, 451, 2, 13713, 19217
2023-05-17 17:16:33.624981, 21, 55, 450, 0, 13717, 19207
2023-05-17 17:16:33.626368, 21, 55, 450, 0, 13717, 19207
2023-05-17 17:16:33.628468, 21, 55, 450, 0, 13717, 19207
2023-05-17 17:16:44.070226, 21, 55, 454, 4, 13712, 19198
2023-05-17 17:16:44.072095, 21, 55, 454, 4, 13712, 19198
2023-05-17 17:16:44.074167, 21, 55, 454, 4, 13712, 19198
2023-05-17 17:16:54.497422, 21, 55, 453, 9, 13714, 19206
2023-05-17 17:16:54.499350, 21, 55, 453, 9, 13714, 19206
2023-05-17 17:16:54.501293, 21, 55, 453, 9, 13714, 19206
2023-05-17 17:17:04.944036, 21, 55, 443, 3, 13721, 19203
2023-05-17 17:17:04.945810, 21, 55, 443, 3, 13721, 19203
2023-05-17 17:17:04.956130, 21, 55, 443, 3, 13721, 19203
2023-05-17 17:17:15.216189, 21, 55, 432, 0, 13728, 19221
2023-05-17 17:17:15.217944, 21, 55, 432, 0, 13728, 19221
2023-05-17 17:17:15.220086, 21, 55, 432, 0, 13728, 19221
2023-05-17 17:17:25.796306, 21, 55, 447, 0, 13718, 19223
2023-05-17 17:17:25.798120, 21, 55, 447, 0, 13718, 19223
2023-05-17 17:17:25.800180, 21, 55, 447, 0, 13718, 19223
2023-05-17 17:17:36.235890, 21, 55, 446, 0, 13716, 19219
2023-05-17 17:17:36.237614, 21, 55, 446, 0, 13716, 19219
2023-05-17 17:17:36.239714, 21, 55, 446, 0, 13716, 19219
2023-05-17 17:17:46.675437, 21, 55, 444, 0, 13719, 19217
2023-05-17 17:17:46.677292, 21, 55, 444, 0, 13719, 19217
2023-05-17 17:17:46.679256, 21, 55, 444, 0, 13719, 19217
2023-05-17 17:17:57.344169, 21, 55, 461, 3, 13709, 19206
2023-05-17 17:17:57.345976, 21, 55, 461, 3, 13709, 19206
2023-05-17 17:17:57.348014, 21, 55, 461, 3, 13709, 19206
2023-05-17 17:18:07.765498, 21, 55, 455, 3, 13714, 19208
2023-05-17 17:18:07.767275, 21, 55, 455, 3, 13714, 19208
2023-05-17 17:18:07.769275, 21, 55, 455, 3, 13714, 19208
2023-05-17 17:18:17.970550, 21, 55, 457, 7, 13709, 19211
2023-05-17 17:18:17.970917, 21, 55, 457, 7, 13709, 19211
2023-05-17 17:18:17.972213, 21, 55, 457, 7, 13709, 19211
2023-05-17 17:18:28.573381, 21, 55, 464, 10, 13705, 19203
2023-05-17 17:18:28.573662, 21, 55, 464, 10, 13705, 19203
2023-05-17 17:18:28.575069, 21, 55, 464, 10, 13705, 19203
2023-05-17 17:18:39.015319, 21, 55, 461, 5, 13714, 19212
2023-05-17 17:18:39.015671, 21, 55, 461, 5, 13714, 19212
2023-05-17 17:18:39.017040, 21, 55, 461, 5, 13714, 19212
2023-05-17 17:18:49.449108, 21, 55, 456, 5, 13712, 19212
2023-05-17 17:18:49.449511, 21, 55, 456, 5, 13712, 19212
2023-05-17 17:18:49.454723, 21, 55, 456, 5, 13712, 19212
2023-05-17 17:18:59.909637, 21, 55, 449, 2, 13715, 19217
2023-05-17 17:18:59.910009, 21, 55, 449, 2, 13715, 19217
2023-05-17 17:18:59.911303, 21, 55, 449, 2, 13715, 19217
2023-05-17 17:19:10.335205, 21, 55, 450, 2, 13715, 19214
2023-05-17 17:19:10.335357, 21, 55, 450, 2, 13715, 19214
2023-05-17 17:19:10.336947, 21, 55, 450, 2, 13715, 19214
2023-05-17 17:20:00.852175, 21, 55, 456, 0, 13704, 19212
2023-05-17 17:20:00.852517, 21, 55, 456, 0, 13704, 19212
2023-05-17 17:20:00.872949, 21, 55, 456, 0, 13704, 19212
2023-05-17 17:20:11.528069, 21, 55, 453, 3, 13711, 19222
2023-05-17 17:20:11.528433, 21, 55, 453, 3, 13711, 19222
2023-05-17 17:20:11.539523, 21, 55, 453, 3, 13711, 19222
2023-05-17 17:20:21.905080, 21, 55, 440, 0, 13710, 19219
2023-05-17 17:20:21.905510, 21, 55, 440, 0, 13710, 19219
2023-05-17 17:20:21.922537, 21, 55, 440, 0, 13710, 19219
2023-05-17 17:20:32.351417, 21, 55, 445, 0, 13719, 19225
2023-05-17 17:20:32.351773, 21, 55, 445, 0, 13719, 19225
2023-05-17 17:20:32.357849, 21, 55, 445, 0, 13719, 19225
2023-05-17 17:20:42.786795, 21, 55, 507, 2, 13673, 19219
2023-05-17 17:20:42.787155, 21, 55, 507, 2, 13673, 19219
2023-05-17 17:20:42.802445, 21, 55, 507, 2, 13673, 19219
2023-05-17 17:20:53.271877, 21, 55, 502, 9, 13672, 19203
2023-05-17 17:20:53.272210, 21, 55, 502, 9, 13672, 19203
2023-05-17 17:20:53.278446, 21, 55, 502, 9, 13672, 19203
2023-05-17 17:21:03.576655, 21, 55, 505, 1, 13675, 19219
2023-05-17 17:21:03.576819, 21, 55, 505, 1, 13675, 19219
2023-05-17 17:21:03.582062, 21, 55, 505, 1, 13675, 19219
2023-05-17 17:21:14.143678, 21, 55, 494, 12, 13683, 19207
2023-05-17 17:21:14.145488, 21, 55, 494, 12, 13683, 19207
2023-05-17 17:21:14.155887, 21, 55, 494, 12, 13683, 19207
2023-05-17 17:21:24.600270, 21, 55, 478, 6, 13690, 19215
2023-05-17 17:21:24.601826, 21, 55, 478, 6, 13690, 19215
2023-05-17 17:21:24.901226, 21, 55, 478, 6, 13690, 19215
2023-05-17 17:21:35.029690, 21, 55, 487, 1, 13683, 19220
2023-05-17 17:21:35.031276, 21, 55, 487, 1, 13683, 19220
2023-05-17 17:21:35.040710, 21, 55, 487, 1, 13683, 19220
2023-05-17 17:21:45.523557, 21, 55, 490, 2, 13685, 19212
2023-05-17 17:21:45.525136, 21, 55, 490, 2, 13685, 19212
2023-05-17 17:21:45.543912, 21, 55, 490, 2, 13685, 19212
2023-05-17 17:21:55.978780, 21, 55, 479, 0, 13684, 19224
2023-05-17 17:21:55.980468, 21, 55, 479, 0, 13684, 19224
2023-05-17 17:21:55.980741, 21, 55, 479, 0, 13684, 19224
2023-05-17 17:22:06.221055, 21, 55, 483, 5, 13695, 19220
2023-05-17 17:22:06.222759, 21, 55, 483, 5, 13695, 19220
2023-05-17 17:22:06.223107, 21, 55, 483, 5, 13695, 19220
2023-05-17 17:22:16.858455, 21, 55, 470, 0, 13683, 19221
2023-05-17 17:22:16.860083, 21, 55, 470, 0, 13683, 19221
2023-05-17 17:22:16.881089, 21, 55, 470, 0, 13683, 19221
2023-05-17 17:22:27.329699, 21, 55, 477, 0, 13686, 19218
2023-05-17 17:22:27.331304, 21, 55, 477, 0, 13686, 19218
2023-05-17 17:22:27.331639, 21, 55, 477, 0, 13686, 19218
2023-05-17 17:22:37.729940, 21, 55, 472, 3, 13693, 19218
2023-05-17 17:22:37.731331, 21, 55, 472, 3, 13693, 19218
2023-05-17 17:22:37.737604, 21, 55, 472, 3, 13693, 19218
2023-05-17 17:23:42.688178, 21, 55, 447, 0, 13710, 19228
2023-05-17 17:23:42.689956, 21, 55, 447, 0, 13710, 19228
2023-05-17 17:23:42.690247, 21, 55, 447, 0, 13710, 19228
2023-05-17 17:23:53.306425, 21, 55, 446, 0, 13714, 19241
2023-05-17 17:23:53.308089, 21, 55, 446, 0, 13714, 19241
2023-05-17 17:23:53.308422, 21, 55, 446, 0, 13714, 19241
2023-05-17 17:24:03.742853, 21, 55, 447, 0, 13712, 19234
2023-05-17 17:24:03.744666, 21, 55, 447, 0, 13712, 19234
2023-05-17 17:24:03.744999, 21, 55, 447, 0, 13712, 19234
2023-05-17 17:24:14.281553, 21, 55, 440, 0, 13718, 19238
2023-05-17 17:24:14.283289, 21, 55, 440, 0, 13718, 19238
2023-05-17 17:24:14.283704, 21, 55, 440, 0, 13718, 19238
2023-05-17 17:24:24.684199, 21, 55, 445, 0, 13714, 19233
2023-05-17 17:24:24.685789, 21, 55, 445, 0, 13714, 19233
2023-05-17 17:24:24.686205, 21, 55, 445, 0, 13714, 19233
2023-05-17 17:24:35.092876, 21, 55, 441, 0, 13715, 19241
2023-05-17 17:24:35.094435, 21, 55, 441, 0, 13715, 19241
2023-05-17 17:24:35.094803, 21, 55, 441, 0, 13715, 19241
2023-05-17 17:24:45.357096, 21, 55, 444, 0, 13711, 19238
2023-05-17 17:24:45.358734, 21, 55, 444, 0, 13711, 19238
2023-05-17 17:24:45.359065, 21, 55, 444, 0, 13711, 19238
2023-05-17 17:26:12.250820, 21, 55, 460, 3, 13700, 19227
2023-05-17 17:26:12.252638, 21, 55, 460, 3, 13700, 19227
2023-05-17 17:26:12.252961, 21, 55, 460, 3, 13700, 19227
2023-05-17 17:26:22.729738, 21, 55, 465, 10, 13699, 19226
2023-05-17 17:26:22.731276, 21, 55, 465, 10, 13699, 19226
2023-05-17 17:26:22.731620, 21, 55, 465, 10, 13699, 19226
2023-05-17 17:26:33.177695, 21, 55, 480, 15, 13682, 19211
2023-05-17 17:26:33.179395, 21, 55, 480, 15, 13682, 19211
2023-05-17 17:26:33.179718, 21, 55, 480, 15, 13682, 19211
2023-05-17 17:26:43.585676, 21, 55, 500, 29, 13668, 19184
2023-05-17 17:26:43.587331, 21, 55, 500, 29, 13668, 19184
2023-05-17 17:26:43.587637, 21, 55, 500, 29, 13668, 19184
2023-05-17 17:26:54.181043, 21, 57, 528, 40, 13647, 19176
2023-05-17 17:26:54.182788, 21, 57, 528, 40, 13647, 19176
2023-05-17 17:26:54.183054, 21, 57, 528, 40, 13647, 19176
2023-05-17 17:27:04.490788, 21, 58, 518, 41, 13646, 19160
2023-05-17 17:27:04.492584, 21, 58, 518, 41, 13646, 19160
2023-05-17 17:27:04.492812, 21, 58, 518, 41, 13646, 19160
2023-05-17 17:27:14.773156, 21, 58, 521, 46, 13643, 19160
2023-05-17 17:27:14.774835, 21, 58, 521, 46, 13643, 19160
2023-05-17 17:27:14.775150, 21, 58, 521, 46, 13643, 19160
2023-05-17 17:27:36.686569, 21, 59, 531, 46, 13640, 19157
2023-05-17 17:27:36.688173, 21, 59, 531, 46, 13640, 19157
2023-05-17 17:27:36.688476, 21, 59, 531, 46, 13640, 19157
2023-05-17 17:27:38.348145, 21, 59, 535, 56, 13640, 19147
2023-05-17 17:27:38.349795, 21, 59, 535, 56, 13640, 19147
2023-05-17 17:27:38.350115, 21, 59, 535, 56, 13640, 19147
2023-05-17 17:29:33.265500, 22, 68, 693, 148, 13522, 19012
2023-05-17 17:29:33.267127, 22, 68, 693, 148, 13522, 19012
2023-05-17 17:29:33.267443, 22, 68, 693, 148, 13522, 19012
2023-05-17 17:30:22.238031, 22, 71, 751, 184, 13467, 18950
2023-05-17 17:30:22.239774, 22, 71, 751, 184, 13467, 18950
2023-05-17 17:30:22.240128, 22, 71, 751, 184, 13467, 18950
2023-05-17 17:30:33.320257, 23, 72, 764, 192, 13462, 18933
2023-05-17 17:30:33.322035, 23, 72, 764, 192, 13462, 18933
2023-05-17 17:30:33.322330, 23, 72, 764, 192, 13462, 18933
2023-05-17 17:30:43.913071, 23, 72, 767, 198, 13455, 18934
2023-05-17 17:30:43.915060, 23, 72, 767, 198, 13455, 18934
2023-05-17 17:30:43.915387, 23, 72, 767, 198, 13455, 18934
2023-05-17 17:30:54.372760, 23, 73, 781, 203, 13448, 18916
2023-05-17 17:30:54.374540, 23, 73, 781, 203, 13448, 18916
2023-05-17 17:30:54.374958, 23, 73, 781, 203, 13448, 18916
2023-05-17 17:31:04.790032, 23, 74, 794, 218, 13444, 18909
2023-05-17 17:31:04.791790, 23, 74, 794, 218, 13444, 18909
2023-05-17 17:31:04.792108, 23, 74, 794, 218, 13444, 18909
2023-05-17 17:31:15.213846, 23, 74, 800, 218, 13435, 18904
2023-05-17 17:31:15.215853, 23, 74, 800, 218, 13435, 18904
2023-05-17 17:31:15.216126, 23, 74, 800, 218, 13435, 18904
2023-05-17 17:31:25.706456, 23, 75, 811, 230, 13429, 18886
2023-05-17 17:31:25.707850, 23, 75, 811, 230, 13429, 18886
2023-05-17 17:31:25.708141, 23, 75, 811, 230, 13429, 18886
2023-05-17 17:33:05.539213, 24, 77, 894, 284, 13372, 18820
2023-05-17 17:33:05.540950, 24, 77, 894, 284, 13372, 18820
2023-05-17 17:33:05.541293, 24, 77, 894, 284, 13372, 18820
2023-05-17 17:33:16.249594, 24, 77, 923, 296, 13359, 18808
2023-05-17 17:33:16.251380, 24, 77, 923, 296, 13359, 18808
2023-05-17 17:33:16.251736, 24, 77, 923, 296, 13359, 18808
2023-05-17 17:33:26.608454, 24, 77, 936, 312, 13352, 18794
2023-05-17 17:33:26.610194, 24, 77, 936, 312, 13352, 18794
2023-05-17 17:33:26.610523, 24, 77, 936, 312, 13352, 18794
2023-05-17 17:33:37.052038, 24, 77, 959, 322, 13351, 18794
2023-05-17 17:33:37.053768, 24, 77, 959, 322, 13351, 18794
2023-05-17 17:33:37.054042, 24, 77, 959, 322, 13351, 18794
2023-05-17 17:33:47.478549, 24, 77, 977, 334, 13341, 18782
2023-05-17 17:33:47.480537, 24, 77, 977, 334, 13341, 18782
2023-05-17 17:33:47.480647, 24, 77, 977, 334, 13341, 18782
2023-05-17 17:33:57.921487, 24, 77, 1015, 345, 13331, 18776
2023-05-17 17:33:57.921844, 24, 77, 1015, 345, 13331, 18776
2023-05-17 17:33:57.922738, 24, 77, 1015, 345, 13331, 18776
2023-05-17 17:34:08.177131, 24, 77, 1014, 344, 13328, 18769
2023-05-17 17:34:08.178978, 24, 77, 1014, 344, 13328, 18769
2023-05-17 17:34:08.179355, 24, 77, 1014, 344, 13328, 18769
2023-05-17 17:34:26.906166, 24, 77, 1024, 350, 13327, 18764
2023-05-17 17:34:26.907814, 24, 77, 1024, 350, 13327, 18764
2023-05-17 17:34:26.908127, 24, 77, 1024, 350, 13327, 18764
2023-05-17 17:34:29.333090, 25, 77, 1058, 368, 13314, 18749
2023-05-17 17:34:29.335150, 25, 77, 1058, 368, 13314, 18749
2023-05-17 17:34:29.335558, 25, 77, 1058, 368, 13314, 18749
2023-05-17 17:34:39.784219, 25, 77, 1080, 382, 13306, 18739
2023-05-17 17:34:39.786015, 25, 77, 1080, 382, 13306, 18739
2023-05-17 17:34:39.786333, 25, 77, 1080, 382, 13306, 18739
2023-05-17 17:34:50.209408, 25, 78, 1091, 385, 13301, 18737
2023-05-17 17:34:50.211245, 25, 78, 1091, 385, 13301, 18737
2023-05-17 17:34:50.211531, 25, 78, 1091, 385, 13301, 18737
2023-05-17 17:35:00.647612, 25, 78, 1121, 408, 13293, 18725
2023-05-17 17:35:00.649436, 25, 78, 1121, 408, 13293, 18725
2023-05-17 17:35:00.649811, 25, 78, 1121, 408, 13293, 18725
2023-05-17 17:35:10.946753, 25, 78, 1150, 422, 13285, 18714
2023-05-17 17:35:10.948625, 25, 78, 1150, 422, 13285, 18714
2023-05-17 17:35:10.948964, 25, 78, 1150, 422, 13285, 18714
2023-05-17 17:35:21.526224, 25, 78, 1141, 409, 13279, 18705
2023-05-17 17:35:21.528256, 25, 78, 1141, 409, 13279, 18705
2023-05-17 17:35:21.528576, 25, 78, 1141, 409, 13279, 18705
2023-05-17 17:35:31.947733, 25, 78, 1183, 441, 13262, 18689
2023-05-17 17:35:31.949484, 25, 78, 1183, 441, 13262, 18689
2023-05-17 17:35:31.949778, 25, 78, 1183, 441, 13262, 18689
2023-05-17 17:35:42.419715, 25, 78, 1209, 440, 13261, 18687
2023-05-17 17:35:42.421498, 25, 78, 1209, 440, 13261, 18687
2023-05-17 17:35:42.421899, 25, 78, 1209, 440, 13261, 18687
2023-05-17 17:35:52.863185, 25, 78, 1230, 444, 13261, 18682
2023-05-17 17:35:52.864803, 25, 78, 1230, 444, 13261, 18682
2023-05-17 17:35:52.865174, 25, 78, 1230, 444, 13261, 18682
2023-05-17 17:36:03.305960, 25, 78, 1229, 457, 13250, 18683
2023-05-17 17:36:03.307647, 25, 78, 1229, 457, 13250, 18683
2023-05-17 17:36:03.308199, 25, 78, 1229, 457, 13250, 18683
2023-05-17 17:36:13.543217, 25, 78, 1243, 472, 13246, 18672
2023-05-17 17:36:13.544912, 25, 78, 1243, 472, 13246, 18672
2023-05-17 17:36:13.545195, 25, 78, 1243, 472, 13246, 18672
2023-05-17 17:36:26.797308, 26, 79, 1268, 477, 13241, 18658
2023-05-17 17:36:26.799198, 26, 79, 1268, 477, 13241, 18658
2023-05-17 17:36:26.799647, 26, 79, 1268, 477, 13241, 18658
2023-05-17 17:36:34.597954, 26, 79, 1298, 494, 13236, 18654
2023-05-17 17:36:34.599800, 26, 79, 1298, 494, 13236, 18654
2023-05-17 17:36:34.600145, 26, 79, 1298, 494, 13236, 18654
2023-05-17 17:36:45.070311, 26, 79, 1285, 493, 13230, 18647
2023-05-17 17:36:45.072061, 26, 79, 1285, 493, 13230, 18647
2023-05-17 17:36:45.076775, 26, 79, 1285, 493, 13230, 18647
2023-05-17 17:36:55.472964, 26, 79, 1316, 509, 13231, 18638
2023-05-17 17:36:55.474795, 26, 79, 1316, 509, 13231, 18638
2023-05-17 17:36:55.475259, 26, 79, 1316, 509, 13231, 18638
2023-05-17 17:37:05.897970, 26, 79, 1324, 512, 13217, 18633
2023-05-17 17:37:05.899650, 26, 79, 1324, 512, 13217, 18633
2023-05-17 17:37:05.899942, 26, 79, 1324, 512, 13217, 18633
2023-05-17 17:37:16.179163, 26, 79, 1373, 529, 13206, 18619
2023-05-17 17:37:16.180851, 26, 79, 1373, 529, 13206, 18619
2023-05-17 17:37:16.181161, 26, 79, 1373, 529, 13206, 18619
2023-05-17 17:37:28.363491, 26, 79, 1374, 531, 13200, 18612
2023-05-17 17:37:28.365467, 26, 79, 1374, 531, 13200, 18612
2023-05-17 17:37:28.365860, 26, 79, 1374, 531, 13200, 18612
2023-05-17 17:37:38.824778, 26, 79, 1378, 531, 13198, 18620
2023-05-17 17:37:38.826637, 26, 79, 1378, 531, 13198, 18620
2023-05-17 17:37:38.827087, 26, 79, 1378, 531, 13198, 18620
2023-05-17 17:37:49.252429, 26, 79, 1418, 540, 13198, 18607
2023-05-17 17:37:49.254139, 26, 79, 1418, 540, 13198, 18607
2023-05-17 17:37:49.254411, 26, 79, 1418, 540, 13198, 18607
2023-05-17 17:37:59.721803, 26, 79, 1402, 547, 13193, 18597
2023-05-17 17:37:59.723486, 26, 79, 1402, 547, 13193, 18597
2023-05-17 17:37:59.728663, 26, 79, 1402, 547, 13193, 18597
2023-05-17 17:38:10.178905, 26, 79, 1405, 546, 13186, 18603
2023-05-17 17:38:10.180630, 26, 79, 1405, 546, 13186, 18603
2023-05-17 17:38:10.180920, 26, 79, 1405, 546, 13186, 18603
2023-05-17 17:38:20.462496, 26, 79, 1413, 556, 13185, 18597
2023-05-17 17:38:20.464213, 26, 79, 1413, 556, 13185, 18597
2023-05-17 17:38:20.464573, 26, 79, 1413, 556, 13185, 18597
2023-05-17 17:38:31.068479, 26, 79, 1427, 546, 13184, 18595
2023-05-17 17:38:31.070101, 26, 79, 1427, 546, 13184, 18595
2023-05-17 17:38:31.070410, 26, 79, 1427, 546, 13184, 18595
2023-05-17 17:38:41.549872, 26, 79, 1430, 553, 13185, 18592
2023-05-17 17:38:41.551651, 26, 79, 1430, 553, 13185, 18592
2023-05-17 17:38:41.551959, 26, 79, 1430, 553, 13185, 18592
2023-05-17 17:38:51.963991, 27, 79, 1442, 560, 13182, 18589
2023-05-17 17:38:51.965754, 27, 79, 1442, 560, 13182, 18589
2023-05-17 17:38:51.966114, 27, 79, 1442, 560, 13182, 18589
2023-05-17 17:39:02.417813, 27, 79, 1452, 569, 13177, 18589
2023-05-17 17:39:02.419587, 27, 79, 1452, 569, 13177, 18589
2023-05-17 17:39:02.419945, 27, 79, 1452, 569, 13177, 18589
2023-05-17 17:39:12.871652, 27, 79, 1445, 572, 13177, 18587
2023-05-17 17:39:12.873522, 27, 79, 1445, 572, 13177, 18587
2023-05-17 17:39:12.873900, 27, 79, 1445, 572, 13177, 18587
2023-05-17 17:40:42.429976, 27, 78, 1449, 574, 13171, 18582
2023-05-17 17:40:42.431726, 27, 78, 1449, 574, 13171, 18582
2023-05-17 17:40:42.432044, 27, 78, 1449, 574, 13171, 18582
2023-05-17 17:40:53.067801, 27, 78, 1435, 568, 13174, 18586
2023-05-17 17:40:53.069615, 27, 78, 1435, 568, 13174, 18586
2023-05-17 17:40:53.069952, 27, 78, 1435, 568, 13174, 18586
2023-05-17 17:41:03.534241, 27, 78, 1434, 564, 13178, 18583
2023-05-17 17:41:03.535883, 27, 78, 1434, 564, 13178, 18583
2023-05-17 17:41:03.536199, 27, 78, 1434, 564, 13178, 18583
2023-05-17 17:41:13.936419, 27, 78, 1430, 570, 13178, 18587
2023-05-17 17:41:13.938101, 27, 78, 1430, 570, 13178, 18587
2023-05-17 17:41:13.938364, 27, 78, 1430, 570, 13178, 18587
2023-05-17 17:41:24.376241, 27, 78, 1441, 567, 13171, 18584
2023-05-17 17:41:24.377949, 27, 78, 1441, 567, 13171, 18584
2023-05-17 17:41:24.378225, 27, 78, 1441, 567, 13171, 18584
2023-05-17 17:41:34.830022, 27, 78, 1443, 568, 13182, 18588
2023-05-17 17:41:34.831664, 27, 78, 1443, 568, 13182, 18588
2023-05-17 17:41:34.832106, 27, 78, 1443, 568, 13182, 18588
2023-05-17 17:41:45.229875, 27, 78, 1426, 556, 13179, 18584
2023-05-17 17:41:45.231686, 27, 78, 1426, 556, 13179, 18584
2023-05-17 17:41:45.232069, 27, 78, 1426, 556, 13179, 18584
2023-05-17 17:41:55.876953, 27, 78, 1425, 556, 13184, 18591
2023-05-17 17:41:55.878726, 27, 78, 1425, 556, 13184, 18591
2023-05-17 17:41:55.879027, 27, 78, 1425, 556, 13184, 18591
2023-05-17 17:42:06.319881, 27, 78, 1411, 553, 13183, 18596
2023-05-17 17:42:06.321668, 27, 78, 1411, 553, 13183, 18596
2023-05-17 17:42:06.321966, 27, 78, 1411, 553, 13183, 18596
2023-05-17 17:42:16.759171, 26, 77, 1407, 542, 13185, 18602
2023-05-17 17:42:16.761328, 26, 77, 1407, 542, 13185, 18602
2023-05-17 17:42:16.761648, 26, 77, 1407, 542, 13185, 18602
2023-05-17 17:42:27.250053, 26, 77, 1410, 547, 13184, 18605
2023-05-17 17:42:27.251894, 26, 77, 1410, 547, 13184, 18605
2023-05-17 17:42:27.252235, 26, 77, 1410, 547, 13184, 18605
2023-05-17 17:42:37.664193, 26, 77, 1397, 544, 13182, 18595
2023-05-17 17:42:37.665971, 26, 77, 1397, 544, 13182, 18595
2023-05-17 17:42:37.666267, 26, 77, 1397, 544, 13182, 18595
2023-05-17 17:42:47.959763, 26, 77, 1402, 551, 13189, 18595
2023-05-17 17:42:47.961522, 26, 77, 1402, 551, 13189, 18595
2023-05-17 17:42:47.961799, 26, 77, 1402, 551, 13189, 18595
2023-05-17 17:43:35.837775, 26, 77, 1387, 554, 13192, 18606
2023-05-17 17:43:35.839613, 26, 77, 1387, 554, 13192, 18606
2023-05-17 17:43:35.839905, 26, 77, 1387, 554, 13192, 18606
2023-05-17 17:43:46.288460, 26, 77, 1382, 542, 13194, 18608
2023-05-17 17:43:46.290127, 26, 77, 1382, 542, 13194, 18608
2023-05-17 17:43:46.290421, 26, 77, 1382, 542, 13194, 18608
2023-05-17 17:43:56.793702, 26, 77, 1393, 543, 13193, 18608
2023-05-17 17:43:56.794254, 26, 77, 1393, 543, 13193, 18608
2023-05-17 17:43:56.794519, 26, 77, 1393, 543, 13193, 18608
2023-05-17 17:44:07.195860, 26, 77, 1366, 539, 13199, 18614
2023-05-17 17:44:07.197632, 26, 77, 1366, 539, 13199, 18614
2023-05-17 17:44:07.197977, 26, 77, 1366, 539, 13199, 18614
2023-05-17 17:44:17.734694, 26, 77, 1379, 541, 13196, 18611
2023-05-17 17:44:17.735892, 26, 77, 1379, 541, 13196, 18611
2023-05-17 17:44:17.736208, 26, 77, 1379, 541, 13196, 18611
2023-05-17 17:44:28.158084, 26, 77, 1365, 527, 13199, 18607
2023-05-17 17:44:28.159870, 26, 77, 1365, 527, 13199, 18607
2023-05-17 17:44:28.160151, 26, 77, 1365, 527, 13199, 18607
2023-05-17 17:44:43.275981, 26, 77, 1360, 526, 13203, 18615
2023-05-17 17:44:43.277741, 26, 77, 1360, 526, 13203, 18615
2023-05-17 17:44:43.278274, 26, 77, 1360, 526, 13203, 18615
2023-05-17 17:44:56.877335, 26, 77, 1345, 528, 13202, 18624
2023-05-17 17:44:56.879106, 26, 77, 1345, 528, 13202, 18624
2023-05-17 17:44:56.879406, 26, 77, 1345, 528, 13202, 18624
2023-05-17 17:45:17.056371, 26, 77, 1349, 524, 13205, 18611
2023-05-17 17:45:17.058183, 26, 77, 1349, 524, 13205, 18611
2023-05-17 17:45:17.058495, 26, 77, 1349, 524, 13205, 18611
2023-05-17 17:45:32.192177, 26, 77, 1348, 509, 13209, 18635
2023-05-17 17:45:32.194029, 26, 77, 1348, 509, 13209, 18635
2023-05-17 17:45:32.194460, 26, 77, 1348, 509, 13209, 18635
2023-05-17 17:45:42.634772, 26, 77, 1339, 524, 13203, 18626
2023-05-17 17:45:42.636627, 26, 77, 1339, 524, 13203, 18626
2023-05-17 17:45:42.636882, 26, 77, 1339, 524, 13203, 18626
2023-05-17 17:45:53.307204, 26, 77, 1350, 522, 13211, 18632
2023-05-17 17:45:53.309020, 26, 77, 1350, 522, 13211, 18632
2023-05-17 17:45:53.309413, 26, 77, 1350, 522, 13211, 18632
2023-05-17 17:46:03.493057, 26, 77, 1329, 515, 13209, 18629
2023-05-17 17:46:03.495081, 26, 77, 1329, 515, 13209, 18629
2023-05-17 17:46:03.495447, 26, 77, 1329, 515, 13209, 18629
2023-05-17 17:46:14.085927, 26, 77, 1337, 511, 13209, 18631
2023-05-17 17:46:14.087678, 26, 77, 1337, 511, 13209, 18631
2023-05-17 17:46:14.088115, 26, 77, 1337, 511, 13209, 18631
2023-05-17 17:46:24.521150, 26, 77, 1340, 516, 13209, 18628
2023-05-17 17:46:24.522935, 26, 77, 1340, 516, 13209, 18628
2023-05-17 17:46:24.523274, 26, 77, 1340, 516, 13209, 18628
2023-05-17 17:46:39.456609, 26, 77, 1320, 513, 13212, 18628
2023-05-17 17:46:39.458372, 26, 77, 1320, 513, 13212, 18628
2023-05-17 17:46:39.458738, 26, 77, 1320, 513, 13212, 18628
2023-05-17 17:46:49.919399, 26, 77, 1317, 509, 13218, 18632
2023-05-17 17:46:49.921156, 26, 77, 1317, 509, 13218, 18632
2023-05-17 17:46:49.921447, 26, 77, 1317, 509, 13218, 18632
2023-05-17 17:47:00.356573, 26, 77, 1324, 511, 13212, 18626
2023-05-17 17:47:00.358251, 26, 77, 1324, 511, 13212, 18626
2023-05-17 17:47:00.358536, 26, 77, 1324, 511, 13212, 18626
2023-05-17 17:47:10.648565, 26, 77, 1308, 504, 13217, 18641
2023-05-17 17:47:10.650329, 26, 77, 1308, 504, 13217, 18641
2023-05-17 17:47:10.650605, 26, 77, 1308, 504, 13217, 18641
2023-05-17 17:48:30.250499, 26, 78, 1283, 499, 13222, 18644
2023-05-17 17:48:30.252371, 26, 78, 1283, 499, 13222, 18644
2023-05-17 17:48:30.252710, 26, 78, 1283, 499, 13222, 18644
2023-05-17 17:48:40.841030, 26, 78, 1266, 486, 13227, 18647
2023-05-17 17:48:40.842696, 26, 78, 1266, 486, 13227, 18647
2023-05-17 17:48:40.843031, 26, 78, 1266, 486, 13227, 18647
2023-05-17 17:48:51.287322, 26, 78, 1278, 490, 13226, 18652
2023-05-17 17:48:51.289516, 26, 78, 1278, 490, 13226, 18652
2023-05-17 17:48:51.289875, 26, 78, 1278, 490, 13226, 18652
2023-05-17 17:49:02.083751, 26, 78, 1278, 467, 13227, 18652
2023-05-17 17:49:02.085431, 26, 78, 1278, 467, 13227, 18652
2023-05-17 17:49:02.085875, 26, 78, 1278, 467, 13227, 18652
2023-05-17 17:49:12.521194, 25, 78, 1268, 480, 13224, 18649
2023-05-17 17:49:12.522942, 25, 78, 1268, 480, 13224, 18649
2023-05-17 17:49:12.523246, 25, 78, 1268, 480, 13224, 18649
2023-05-17 17:49:22.943088, 25, 78, 1267, 483, 13223, 18646
2023-05-17 17:49:22.944862, 25, 78, 1267, 483, 13223, 18646
2023-05-17 17:49:22.945242, 25, 78, 1267, 483, 13223, 18646
2023-05-17 17:49:33.192627, 25, 78, 1269, 485, 13226, 18659
2023-05-17 17:49:33.194400, 25, 78, 1269, 485, 13226, 18659
2023-05-17 17:49:33.194757, 25, 78, 1269, 485, 13226, 18659
2023-05-17 17:49:43.876845, 25, 78, 1247, 478, 13225, 18655
2023-05-17 17:49:43.878825, 25, 78, 1247, 478, 13225, 18655
2023-05-17 17:49:43.879135, 25, 78, 1247, 478, 13225, 18655
2023-05-17 17:49:54.498302, 25, 78, 1263, 477, 13227, 18654
2023-05-17 17:49:54.500166, 25, 78, 1263, 477, 13227, 18654
2023-05-17 17:49:54.500567, 25, 78, 1263, 477, 13227, 18654
2023-05-17 17:50:04.911767, 25, 78, 1246, 473, 13232, 18654
2023-05-17 17:50:04.913445, 25, 78, 1246, 473, 13232, 18654
2023-05-17 17:50:04.913803, 25, 78, 1246, 473, 13232, 18654
2023-05-17 17:50:15.345334, 25, 78, 1269, 477, 13229, 18658
2023-05-17 17:50:15.347339, 25, 78, 1269, 477, 13229, 18658
2023-05-17 17:50:15.347791, 25, 78, 1269, 477, 13229, 18658
2023-05-17 17:50:25.750945, 25, 78, 1262, 474, 13229, 18655
2023-05-17 17:50:25.752750, 25, 78, 1262, 474, 13229, 18655
2023-05-17 17:50:25.753015, 25, 78, 1262, 474, 13229, 18655
2023-05-17 17:50:36.042102, 25, 78, 1244, 460, 13238, 18670
2023-05-17 17:50:36.043899, 25, 78, 1244, 460, 13238, 18670
2023-05-17 17:50:36.044269, 25, 78, 1244, 460, 13238, 18670
2023-05-17 17:50:46.830547, 25, 78, 1252, 464, 13236, 18668
2023-05-17 17:50:46.832287, 25, 78, 1252, 464, 13236, 18668
2023-05-17 17:50:46.832558, 25, 78, 1252, 464, 13236, 18668
2023-05-17 17:50:59.752642, 25, 78, 1251, 466, 13236, 18666
2023-05-17 17:50:59.754573, 25, 78, 1251, 466, 13236, 18666
2023-05-17 17:50:59.754855, 25, 78, 1251, 466, 13236, 18666
2023-05-17 17:51:12.681431, 25, 78, 1247, 466, 13227, 18657
2023-05-17 17:51:12.683283, 25, 78, 1247, 466, 13227, 18657
2023-05-17 17:51:12.683584, 25, 78, 1247, 466, 13227, 18657
2023-05-17 17:51:23.103424, 25, 78, 1262, 472, 13229, 18664
2023-05-17 17:51:23.105240, 25, 78, 1262, 472, 13229, 18664
2023-05-17 17:51:23.105551, 25, 78, 1262, 472, 13229, 18664
2023-05-17 17:51:33.543663, 25, 78, 1249, 470, 13234, 18675
2023-05-17 17:51:33.545431, 25, 78, 1249, 470, 13234, 18675
2023-05-17 17:51:33.545742, 25, 78, 1249, 470, 13234, 18675
2023-05-17 17:51:43.933838, 25, 78, 1242, 471, 13234, 18671
2023-05-17 17:51:43.935678, 25, 78, 1242, 471, 13234, 18671
2023-05-17 17:51:43.936160, 25, 78, 1242, 471, 13234, 18671
2023-05-17 17:51:54.516609, 25, 78, 1220, 456, 13238, 18672
2023-05-17 17:51:54.518411, 25, 78, 1220, 456, 13238, 18672
2023-05-17 17:51:54.518670, 25, 78, 1220, 456, 13238, 18672
2023-05-17 17:52:04.934963, 25, 78, 1252, 462, 13229, 18671
2023-05-17 17:52:04.936868, 25, 78, 1252, 462, 13229, 18671
2023-05-17 17:52:04.937227, 25, 78, 1252, 462, 13229, 18671
2023-05-17 17:52:15.408927, 25, 78, 1225, 462, 13233, 18673
2023-05-17 17:52:15.410682, 25, 78, 1225, 462, 13233, 18673
2023-05-17 17:52:15.410960, 25, 78, 1225, 462, 13233, 18673
2023-05-17 17:54:06.801674, 25, 79, 1211, 445, 13244, 18680
2023-05-17 17:54:06.803595, 25, 79, 1211, 445, 13244, 18680
2023-05-17 17:54:06.803934, 25, 79, 1211, 445, 13244, 18680
2023-05-17 17:54:17.388874, 25, 79, 1230, 453, 13236, 18678
2023-05-17 17:54:17.390692, 25, 79, 1230, 453, 13236, 18678
2023-05-17 17:54:17.391047, 25, 79, 1230, 453, 13236, 18678
2023-05-17 17:54:37.640954, 25, 79, 1211, 445, 13240, 18685
2023-05-17 17:54:37.642510, 25, 79, 1211, 445, 13240, 18685
2023-05-17 17:54:37.642848, 25, 79, 1211, 445, 13240, 18685
2023-05-17 17:54:38.308180, 25, 79, 1208, 447, 13239, 18685
2023-05-17 17:54:38.309803, 25, 79, 1208, 447, 13239, 18685
2023-05-17 17:54:38.310137, 25, 79, 1208, 447, 13239, 18685
2023-05-17 17:54:48.723655, 25, 79, 1201, 438, 13239, 18688
2023-05-17 17:54:48.725445, 25, 79, 1201, 438, 13239, 18688
2023-05-17 17:54:48.725763, 25, 79, 1201, 438, 13239, 18688
2023-05-17 17:54:59.180855, 25, 79, 1205, 436, 13242, 18682
2023-05-17 17:54:59.182553, 25, 79, 1205, 436, 13242, 18682
2023-05-17 17:54:59.182842, 25, 79, 1205, 436, 13242, 18682
2023-05-17 17:55:09.576733, 25, 79, 1198, 440, 13243, 18685
2023-05-17 17:55:09.578424, 25, 79, 1198, 440, 13243, 18685
2023-05-17 17:55:09.578735, 25, 79, 1198, 440, 13243, 18685
2023-05-17 17:55:20.111511, 25, 79, 664, 216, 13512, 18899
2023-05-17 17:55:20.113243, 25, 79, 664, 216, 13512, 18899
2023-05-17 17:55:20.113538, 25, 79, 664, 216, 13512, 18899
2023-05-19 18:04:56.669669, 22, 68, 400, 0, 12772, 17026
2023-05-19 18:04:56.671746, 22, 68, 400, 0, 12772, 17026
2023-05-19 18:05:14.503984, 22, 68, 400, 0, 13475, 17921
2023-05-19 18:05:14.504355, 22, 68, 400, 0, 13475, 17921
2023-05-19 18:05:14.505699, 22, 68, 400, 0, 13475, 17921
2023-05-19 18:05:25.285012, 22, 68, 400, 0, 13596, 18208
2023-05-19 18:05:25.286525, 22, 68, 400, 0, 13596, 18208
2023-05-19 18:05:25.286777, 22, 68, 400, 0, 13596, 18208
2023-05-19 18:05:35.757830, 22, 68, 400, 0, 13644, 18343
2023-05-19 18:05:35.759577, 22, 68, 400, 0, 13644, 18343
2023-05-19 18:05:35.762897, 22, 68, 400, 0, 13644, 18343
2023-05-19 18:05:56.935142, 22, 69, 400, 0, 13661, 18470
2023-05-19 18:05:56.936919, 22, 69, 400, 0, 13661, 18470
2023-05-19 18:05:56.937293, 22, 69, 400, 0, 13661, 18470
2023-05-19 18:06:07.540651, 22, 71, 400, 0, 13669, 18517
2023-05-19 18:06:07.542345, 22, 71, 400, 0, 13669, 18517
2023-05-19 18:06:07.545987, 22, 71, 400, 0, 13669, 18517
2023-05-19 18:06:17.985280, 22, 75, 400, 0, 13675, 18558
2023-05-19 18:06:17.987102, 22, 75, 400, 0, 13675, 18558
2023-05-19 18:06:31.118220, 22, 75, 400, 0, 13681, 18601
2023-05-19 18:06:31.118590, 22, 75, 400, 0, 13681, 18601
2023-05-19 18:06:31.119842, 22, 75, 400, 0, 13681, 18601
2023-05-19 18:06:41.561783, 22, 76, 400, 0, 13688, 18616
2023-05-19 18:06:41.562139, 22, 76, 400, 0, 13688, 18616
2023-05-19 18:06:41.563511, 22, 76, 400, 0, 13688, 18616
2023-05-19 18:06:52.050970, 22, 77, 400, 0, 13719, 18673
2023-05-19 18:06:52.051263, 22, 77, 400, 0, 13719, 18673
2023-05-19 18:06:52.052732, 22, 77, 400, 0, 13719, 18673
2023-05-19 18:07:02.299335, 22, 76, 400, 0, 13766, 18727
2023-05-19 18:07:02.301043, 22, 76, 400, 0, 13766, 18727
2023-05-19 18:07:12.917882, 22, 72, 400, 0, 13811, 18788
2023-05-19 18:07:12.918782, 22, 72, 400, 0, 13811, 18788
2023-05-19 18:07:12.920830, 22, 72, 400, 0, 13811, 18788
2023-05-19 18:07:23.997510, 0, 1, 400, 0, 13795, 18806
2023-05-19 18:07:23.999309, 0, 1, 400, 0, 13795, 18806
2023-05-19 18:07:24.003229, 0, 1, 400, 0, 13795, 18806
2023-05-19 18:07:34.472347, 22, 65, 400, 0, 13785, 18809
2023-05-19 18:07:34.472753, 22, 65, 400, 0, 13785, 18809
2023-05-19 18:07:34.474026, 22, 65, 400, 0, 13785, 18809
2023-05-19 18:08:59.067536, 23, 65, -8206, -5536, 13658, 18707
2023-05-19 18:08:59.069249, 23, 65, -8206, -5536, 13658, 18707
2023-05-19 18:08:59.069410, 23, 65, -8206, -5536, 13658, 18707
2023-05-19 18:09:09.691574, 23, 65, -8206, -5536, 13655, 18712
2023-05-19 18:09:09.693261, 23, 65, -8206, -5536, 13655, 18712
2023-05-19 18:09:09.695156, 23, 65, -8206, -5536, 13655, 18712
2023-05-19 18:09:20.161938, 23, 65, -8206, -5536, 13726, 18823
2023-05-19 18:09:20.163649, 23, 65, -8206, -5536, 13726, 18823
2023-05-19 18:09:30.593765, 23, 64, -8206, -5536, 13675, 18759
2023-05-19 18:09:30.596821, 23, 64, -8206, -5536, 13675, 18759
2023-05-19 18:09:30.598204, 23, 64, -8206, -5536, 13675, 18759
2023-05-19 18:09:41.042424, 23, 64, -8206, -5536, 13662, 18747
2023-05-19 18:09:41.044192, 23, 64, -8206, -5536, 13662, 18747
2023-05-19 18:09:41.046222, 23, 64, -8206, -5536, 13662, 18747
2023-05-19 18:09:51.478922, 23, 64, -8206, -5536, 13656, 18737
2023-05-19 18:09:51.480740, 23, 64, -8206, -5536, 13656, 18737
2023-05-19 18:09:51.481044, 23, 64, -8206, -5536, 13656, 18737
2023-05-19 18:10:03.406226, 23, 65, -8206, -5536, 13647, 18728
2023-05-19 18:10:03.407978, 23, 65, -8206, -5536, 13647, 18728
2023-05-19 18:10:14.035794, 23, 67, -8206, -5536, 13643, 18730
2023-05-19 18:10:14.037721, 23, 67, -8206, -5536, 13643, 18730
2023-05-19 18:10:14.041610, 23, 67, -8206, -5536, 13643, 18730
2023-05-19 18:10:32.650830, 23, 69, -8206, -5536, 13623, 18710
2023-05-19 18:10:32.652532, 23, 69, -8206, -5536, 13623, 18710
2023-05-19 18:10:32.652824, 23, 69, -8206, -5536, 13623, 18710
2023-05-19 18:10:35.022555, 23, 70, -8206, -5536, 13619, 18706
2023-05-19 18:10:35.024519, 23, 70, -8206, -5536, 13619, 18706
2023-05-19 18:10:45.419976, 23, 72, -8206, -5536, 13612, 18692
2023-05-19 18:10:45.421320, 23, 72, -8206, -5536, 13612, 18692
2023-05-19 18:10:55.847488, 23, 73, -8206, -5536, 13594, 18681
2023-05-19 18:10:55.847797, 23, 73, -8206, -5536, 13594, 18681
2023-05-19 18:10:55.849160, 23, 73, -8206, -5536, 13594, 18681
2023-05-19 18:11:06.128716, 23, 74, -8206, -5536, 13585, 18676
2023-05-19 18:11:06.130384, 23, 74, -8206, -5536, 13585, 18676
2023-05-19 18:11:16.765858, 23, 76, -8206, -5536, 13581, 18671
2023-05-19 18:11:16.767656, 23, 76, -8206, -5536, 13581, 18671
2023-05-19 18:11:16.769716, 23, 76, -8206, -5536, 13581, 18671
2023-05-19 18:11:27.213107, 23, 77, -8206, -5536, 13578, 18663
2023-05-19 18:11:27.213468, 23, 77, -8206, -5536, 13578, 18663
2023-05-19 18:11:27.214829, 23, 77, -8206, -5536, 13578, 18663
2023-05-19 18:11:37.660993, 23, 78, -8206, -5536, 13574, 18668
2023-05-19 18:11:37.662682, 23, 78, -8206, -5536, 13574, 18668
2023-05-19 18:14:01.737331, 24, 84, -8206, -5536, 13533, 18649
2023-05-19 18:14:01.737673, 24, 84, -8206, -5536, 13533, 18649
2023-05-19 18:14:01.739059, 24, 84, -8206, -5536, 13533, 18649
2023-05-19 18:14:21.909172, 24, 85, -8206, -5536, 13533, 18660
2023-05-19 18:14:21.910956, 24, 85, -8206, -5536, 13533, 18660
2023-05-19 18:14:21.914647, 24, 85, -8206, -5536, 13533, 18660
2023-05-19 18:14:34.858252, 24, 85, -8206, -5536, 13527, 18663
2023-05-19 18:14:34.859982, 24, 85, -8206, -5536, 13527, 18663
2023-05-19 18:15:02.954995, 24, 86, -8206, -5536, 13522, 18664
2023-05-19 18:15:02.956838, 24, 86, -8206, -5536, 13522, 18664
2023-05-19 18:15:09.548189, 24, 86, -8206, -5536, 13527, 18664
2023-05-19 18:15:09.550029, 24, 86, -8206, -5536, 13527, 18664
2023-05-19 18:15:29.833721, 24, 87, -8206, -5536, 13527, 18668
2023-05-19 18:15:29.834024, 24, 87, -8206, -5536, 13527, 18668
2023-05-19 18:15:29.835464, 24, 87, -8206, -5536, 13527, 18668
2023-05-19 18:15:37.900932, 24, 87, -8206, -5536, 13522, 18664
2023-05-19 18:15:37.902640, 24, 87, -8206, -5536, 13522, 18664
2023-05-19 18:15:56.475477, 24, 87, -8206, -5536, 13528, 18675
2023-05-19 18:15:56.475820, 24, 87, -8206, -5536, 13528, 18675
2023-05-19 18:15:56.477140, 24, 87, -8206, -5536, 13528, 18675
2023-05-19 18:16:05.620750, 24, 87, -8206, -5536, 13531, 18684
2023-05-19 18:16:05.622706, 24, 87, -8206, -5536, 13531, 18684
2023-05-19 18:16:16.633071, 24, 86, -8206, -5536, 13535, 18687
2023-05-19 18:16:16.634782, 24, 86, -8206, -5536, 13535, 18687
2023-05-19 18:16:16.635035, 24, 86, -8206, -5536, 13535, 18687
2023-05-19 18:16:27.114014, 24, 86, -8206, -5536, 13530, 18700
2023-05-19 18:16:27.115739, 24, 86, -8206, -5536, 13530, 18700
2023-05-19 18:16:27.116049, 24, 86, -8206, -5536, 13530, 18700
2023-05-19 18:21:06.333524, 23, 77, -8206, -5536, 13606, 18900
2023-05-19 18:21:06.335281, 23, 77, -8206, -5536, 13606, 18900
2023-05-19 18:21:06.335579, 23, 77, -8206, -5536, 13606, 18900
2023-05-19 18:21:17.401506, 23, 77, -8206, -5536, 13615, 18918
2023-05-19 18:21:17.403347, 23, 77, -8206, -5536, 13615, 18918
2023-05-19 18:21:27.852231, 23, 76, -8206, -5536, 13612, 18931
2023-05-19 18:21:27.852628, 23, 76, -8206, -5536, 13612, 18931
2023-05-19 18:21:27.853882, 23, 76, -8206, -5536, 13612, 18931
2023-05-19 18:21:38.303147, 23, 75, -8206, -5536, 13612, 18923
2023-05-19 18:21:38.304861, 23, 75, -8206, -5536, 13612, 18923
2023-05-19 18:21:38.306767, 23, 75, -8206, -5536, 13612, 18923
2023-05-19 18:21:51.398208, 22, 75, -8206, -5536, 13617, 18930
2023-05-19 18:21:51.399976, 22, 75, -8206, -5536, 13617, 18930
2023-05-19 18:22:01.843605, 22, 75, -8206, -5536, 13620, 18938
2023-05-19 18:22:01.845370, 22, 75, -8206, -5536, 13620, 18938
2023-05-19 18:22:01.849203, 22, 75, -8206, -5536, 13620, 18938
2023-05-19 18:22:12.113904, 22, 74, -8206, -5536, 13626, 18947
2023-05-19 18:22:12.114192, 22, 74, -8206, -5536, 13626, 18947
2023-05-19 18:22:12.115630, 22, 74, -8206, -5536, 13626, 18947
2023-05-19 18:24:26.357317, 22, 73, 400, 0, 13648, 19047
2023-05-19 18:24:26.359113, 22, 73, 400, 0, 13648, 19047
2023-05-19 18:24:26.359363, 22, 73, 400, 0, 13648, 19047
2023-05-19 18:24:36.990780, 21, 72, 400, 1, 13646, 19044
2023-05-19 18:24:36.992445, 21, 72, 400, 1, 13646, 19044
2023-05-19 18:24:47.466820, 21, 72, 400, 0, 13646, 19047
2023-05-19 18:24:47.467202, 21, 72, 400, 0, 13646, 19047
2023-05-19 18:24:47.468635, 21, 72, 400, 0, 13646, 19047
2023-05-19 18:25:03.475833, 21, 72, 400, 0, 13652, 19063
2023-05-19 18:25:03.477618, 21, 72, 400, 0, 13652, 19063
2023-05-19 18:25:13.910344, 21, 72, 407, 0, 13655, 19067
2023-05-19 18:25:13.912142, 21, 72, 407, 0, 13655, 19067
2023-05-19 18:25:13.912452, 21, 72, 407, 0, 13655, 19067
2023-05-19 18:25:24.355961, 21, 72, 408, 0, 13650, 19078
2023-05-19 18:25:24.357719, 21, 72, 408, 0, 13650, 19078
2023-05-19 18:25:24.363328, 21, 72, 408, 0, 13650, 19078
2023-05-19 18:25:41.308767, 21, 71, 405, 0, 13655, 19079
2023-05-19 18:25:41.310763, 21, 71, 405, 0, 13655, 19079
2023-05-19 18:25:53.047265, 21, 71, 400, 0, 13652, 19090
2023-05-19 18:25:53.050366, 21, 71, 400, 0, 13652, 19090
2023-05-19 18:26:00.916908, 21, 71, 408, 8, 13647, 19083
2023-05-19 18:26:00.918648, 21, 71, 408, 8, 13647, 19083
2023-05-19 18:26:26.786535, 21, 71, 401, 0, 13651, 19085
2023-05-19 18:26:26.788237, 21, 71, 401, 0, 13651, 19085
2023-05-19 18:26:36.606140, 21, 71, 407, 0, 13648, 19104
2023-05-19 18:26:36.607915, 21, 71, 407, 0, 13648, 19104
2023-05-19 18:26:42.498114, 21, 71, 404, 0, 13645, 19091
2023-05-19 18:26:42.499892, 21, 71, 404, 0, 13645, 19091
2023-05-19 18:26:53.145936, 21, 71, 400, 0, 13646, 19098
2023-05-19 18:26:53.147681, 21, 71, 400, 0, 13646, 19098
2023-05-19 18:27:12.501544, 21, 71, 406, 0, 13648, 19105
2023-05-19 18:27:12.501865, 21, 71, 406, 0, 13648, 19105
2023-05-19 18:27:12.503289, 21, 71, 406, 0, 13648, 19105
2023-05-19 18:27:18.609164, 21, 71, 402, 0, 13649, 19109
2023-05-19 18:27:18.609469, 21, 71, 402, 0, 13649, 19109
2023-05-19 18:27:18.610875, 21, 71, 402, 0, 13649, 19109
2023-05-19 18:27:34.542964, 20, 71, 401, 0, 13649, 19118
2023-05-19 18:27:34.544761, 20, 71, 401, 0, 13649, 19118
2023-05-19 18:27:59.511723, 20, 71, 412, 0, 13641, 19115
2023-05-19 18:27:59.512004, 20, 71, 412, 0, 13641, 19115
2023-05-19 18:27:59.513498, 20, 71, 412, 0, 13641, 19115
2023-05-19 18:28:00.264710, 20, 72, 410, 0, 13641, 19110
2023-05-19 18:28:00.266307, 20, 72, 410, 0, 13641, 19110
2023-05-19 18:28:14.615680, 20, 72, 419, 0, 13639, 19116
2023-05-19 18:28:14.617385, 20, 72, 419, 0, 13639, 19116
2023-05-19 18:28:43.954756, 20, 72, 426, 5, 13633, 19115
2023-05-19 18:28:43.956627, 20, 72, 426, 5, 13633, 19115
2023-05-19 18:28:53.185816, 20, 72, 423, 0, 13631, 19118
2023-05-19 18:28:53.186097, 20, 72, 423, 0, 13631, 19118
2023-05-19 18:28:53.187585, 20, 72, 423, 0, 13631, 19118
2023-05-19 18:31:42.420128, 20, 77, 501, 28, 13576, 19082
2023-05-19 18:31:42.420650, 20, 77, 501, 28, 13576, 19082
2023-05-19 18:31:56.437321, 20, 77, 511, 36, 13558, 19069
2023-05-19 18:31:56.439152, 20, 77, 511, 36, 13558, 19069
2023-05-19 18:31:56.441146, 20, 77, 511, 36, 13558, 19069
2023-05-19 18:32:09.330872, 20, 78, 516, 32, 13559, 19068
2023-05-19 18:32:09.332734, 20, 78, 516, 32, 13559, 19068
2023-05-19 18:32:17.478905, 20, 79, 515, 36, 13558, 19071
2023-05-19 18:32:17.480782, 20, 79, 515, 36, 13558, 19071
2023-05-19 18:32:36.141340, 20, 79, 525, 44, 13550, 19062
2023-05-19 18:32:36.144631, 20, 79, 525, 44, 13550, 19062
2023-05-19 18:32:36.145042, 20, 79, 525, 44, 13550, 19062
2023-05-19 18:33:23.460918, 20, 80, 554, 55, 13530, 19043
2023-05-19 18:33:23.461370, 20, 80, 554, 55, 13530, 19043
2023-05-19 18:33:23.462620, 20, 80, 554, 55, 13530, 19043
2023-05-19 20:13:31.441824, 6, 73, 400, 0, 13582, 19658
2023-05-19 20:13:31.442124, 6, 73, 400, 0, 13582, 19658
2023-05-19 20:13:31.442970, 6, 73, 400, 0, 13582, 19658
2023-05-19 20:13:54.535321, 6, 73, 400, 0, 13577, 19663
2023-05-19 20:13:54.535901, 6, 73, 400, 0, 13577, 19663
2023-05-19 20:13:54.536695, 6, 73, 400, 0, 13577, 19663
2023-05-19 20:15:07.293425, 6, 73, 400, 0, 13578, 19657
2023-05-19 20:15:07.293941, 6, 73, 400, 0, 13578, 19657
2023-05-19 20:15:07.295019, 6, 73, 400, 0, 13578, 19657
2023-05-19 20:17:07.115034, 6, 73, 400, 0, 13576, 19659
2023-05-19 20:17:07.116083, 6, 73, 400, 0, 13576, 19659
2023-05-19 20:17:07.116720, 6, 73, 400, 0, 13576, 19659
2023-05-19 20:18:12.960318, 6, 73, 400, 0, 13572, 19649
2023-05-19 20:18:12.961485, 6, 73, 400, 0, 13572, 19649
2023-05-19 20:18:12.962001, 6, 73, 400, 0, 13572, 19649
2023-05-19 21:07:41.968759, 0, 1, 400, 0, 13581, 19598
2023-05-19 21:07:41.969444, 0, 1, 400, 0, 13581, 19598
2023-05-19 21:07:41.970432, 0, 1, 400, 0, 13581, 19598
2023-05-19 21:07:50.473836, 4, 86, 407, 0, 13578, 19607
2023-05-19 21:07:50.474559, 4, 86, 407, 0, 13578, 19607
2023-05-19 21:07:50.475398, 4, 86, 407, 0, 13578, 19607
2023-05-19 21:08:45.565321, 5, 86, 425, 7, 13554, 19583
2023-05-19 21:08:45.565878, 5, 86, 425, 7, 13554, 19583
2023-05-19 21:08:45.566953, 5, 86, 425, 7, 13554, 19583
2023-05-19 21:08:49.376116, 5, 87, 435, 9, 13552, 19582
2023-05-19 21:08:49.376734, 5, 87, 435, 9, 13552, 19582
2023-05-19 21:08:49.377818, 5, 87, 435, 9, 13552, 19582
2023-05-19 21:09:04.697459, 5, 87, 437, 11, 13545, 19585
2023-05-19 21:09:04.697968, 5, 87, 437, 11, 13545, 19585
2023-05-19 21:09:04.699037, 5, 87, 437, 11, 13545, 19585
2023-05-19 21:09:07.070503, 5, 87, 446, 16, 13543, 19574
2023-05-19 21:09:07.071131, 5, 87, 446, 16, 13543, 19574
2023-05-19 21:09:07.072138, 5, 87, 446, 16, 13543, 19574
2023-05-19 21:09:20.558870, 5, 88, 444, 17, 13541, 19574
2023-05-19 21:09:20.559503, 5, 88, 444, 17, 13541, 19574
2023-05-19 21:09:20.563636, 5, 88, 444, 17, 13541, 19574
2023-05-19 21:11:09.906589, 6, 91, 506, 50, 13493, 19525
2023-05-19 21:11:09.907388, 6, 91, 506, 50, 13493, 19525
2023-05-19 21:11:09.908415, 6, 91, 506, 50, 13493, 19525
2023-05-19 21:11:20.557438, 6, 91, 515, 49, 13489, 19523
2023-05-19 21:11:20.558272, 6, 91, 515, 49, 13489, 19523
2023-05-19 21:11:20.559886, 6, 91, 515, 49, 13489, 19523
2023-05-19 21:11:45.987947, 6, 91, 521, 56, 13481, 19509
2023-05-19 21:11:45.988533, 6, 91, 521, 56, 13481, 19509
2023-05-19 21:11:45.989579, 6, 91, 521, 56, 13481, 19509
2023-05-19 21:50:47.052513, 10, 79, 667, 126, 13367, 19411
2023-05-19 21:50:47.053152, 10, 79, 667, 126, 13367, 19411
2023-05-19 21:50:47.054168, 10, 79, 667, 126, 13367, 19411
2023-05-19 21:56:24.787443, 0, 1, 400, 0, 13403, 19369
2023-05-19 21:56:24.787950, 0, 1, 400, 0, 13403, 19369
2023-05-19 21:56:24.789043, 0, 1, 400, 0, 13403, 19369
2023-05-19 21:56:35.041525, 11, 83, 400, 0, 13406, 19381
2023-05-19 21:56:35.042286, 11, 83, 400, 0, 13406, 19381
2023-05-19 21:56:35.043274, 11, 83, 400, 0, 13406, 19381
2023-05-19 21:56:45.678770, 11, 83, 412, 0, 13401, 19380
2023-05-19 21:56:45.679368, 11, 83, 412, 0, 13401, 19380
2023-05-19 21:56:45.680520, 11, 83, 412, 0, 13401, 19380
2023-05-19 21:56:56.189602, 11, 83, 412, 0, 13398, 19380
2023-05-19 21:56:56.190069, 11, 83, 412, 0, 13398, 19380
2023-05-19 21:56:56.191182, 11, 83, 412, 0, 13398, 19380
2023-05-19 21:57:06.591171, 11, 84, 423, 6, 13386, 19373
2023-05-19 21:57:06.591818, 11, 84, 423, 6, 13386, 19373
2023-05-19 21:57:06.592830, 11, 84, 423, 6, 13386, 19373
2023-05-24 17:31:04.056646, 21, 54, 400, 0, 13158, 18052
2023-05-24 17:31:04.057053, 21, 54, 400, 0, 13158, 18052
2023-05-24 17:31:04.058243, 21, 54, 400, 0, 13158, 18052
2023-05-24 17:31:14.474413, 21, 54, 400, 0, 13423, 18580
2023-05-24 17:31:14.474859, 21, 54, 400, 0, 13423, 18580
2023-05-24 17:31:14.475893, 21, 54, 400, 0, 13423, 18580
2023-05-24 17:31:24.928144, 21, 54, 400, 0, 13618, 18872
2023-05-24 17:31:24.928693, 21, 54, 400, 0, 13618, 18872
2023-05-24 17:31:24.929947, 21, 54, 400, 0, 13618, 18872
2023-05-24 17:31:35.366687, 21, 54, 400, 0, 13733, 19036
2023-05-24 17:31:35.367047, 21, 54, 400, 0, 13733, 19036
2023-05-24 17:31:35.368205, 21, 54, 400, 0, 13733, 19036
2023-05-24 17:32:02.290297, 21, 53, 400, 0, 13840, 19250
2023-05-24 17:32:02.290822, 21, 53, 400, 0, 13840, 19250
2023-05-24 17:32:02.292027, 21, 53, 400, 0, 13840, 19250
2023-05-24 17:32:12.680438, 21, 53, 400, 0, 13835, 19271
2023-05-24 17:32:12.680832, 21, 53, 400, 0, 13835, 19271
2023-05-24 17:32:12.682270, 21, 53, 400, 0, 13835, 19271
2023-05-24 17:32:23.295040, 21, 53, 400, 0, 13867, 19315
2023-05-24 17:32:23.295441, 21, 53, 400, 0, 13867, 19315
2023-05-24 17:32:23.296841, 21, 53, 400, 0, 13867, 19315
2023-05-24 17:32:33.696261, 21, 53, 400, 0, 13848, 19316
2023-05-24 17:32:33.696805, 21, 53, 400, 0, 13848, 19316
2023-05-24 17:32:33.698383, 21, 53, 400, 0, 13848, 19316
2023-05-24 17:32:44.056134, 21, 53, 400, 0, 13870, 19341
2023-05-24 17:32:44.056568, 21, 53, 400, 0, 13870, 19341
2023-05-24 17:32:44.058014, 21, 53, 400, 0, 13870, 19341
2023-05-24 17:32:54.360350, 21, 52, 400, 0, 13866, 19349
2023-05-24 17:32:54.360852, 21, 52, 400, 0, 13866, 19349
2023-05-24 17:32:54.362232, 21, 52, 400, 0, 13866, 19349
2023-05-24 17:33:04.827050, 21, 52, 421, 5, 13850, 19344
2023-05-24 17:33:04.827449, 21, 52, 421, 5, 13850, 19344
2023-05-24 17:33:04.828653, 21, 52, 421, 5, 13850, 19344
2023-05-24 17:33:22.735630, 21, 52, 400, 0, 13868, 19364
2023-05-24 17:33:22.736076, 21, 52, 400, 0, 13868, 19364
2023-05-24 17:33:22.737073, 21, 52, 400, 0, 13868, 19364
2023-05-24 17:33:33.104011, 21, 52, 400, 0, 13875, 19377
2023-05-24 17:33:33.104636, 21, 52, 400, 0, 13875, 19377
2023-05-24 17:33:33.105648, 21, 52, 400, 0, 13875, 19377
2023-05-24 17:33:43.545379, 21, 52, 400, 0, 13869, 19372
2023-05-24 17:33:43.546157, 21, 52, 400, 0, 13869, 19372
2023-05-24 17:33:43.546731, 21, 52, 400, 0, 13869, 19372
2023-05-24 17:33:53.910494, 21, 52, 400, 0, 13876, 19396
2023-05-24 17:33:53.911226, 21, 52, 400, 0, 13876, 19396
2023-05-24 17:33:53.911976, 21, 52, 400, 0, 13876, 19396
2023-05-24 17:34:30.468421, 21, 52, 400, 0, 13872, 19246
2023-05-24 17:34:30.468981, 21, 52, 400, 0, 13872, 19246
2023-05-24 17:34:30.470877, 21, 52, 400, 0, 13872, 19246
2023-05-24 17:34:40.790305, 21, 52, 400, 0, 13896, 19327
2023-05-24 17:34:40.791044, 21, 52, 400, 0, 13896, 19327
2023-05-24 17:34:40.791472, 21, 52, 400, 0, 13896, 19327
2023-05-24 17:34:51.157101, 21, 52, 400, 0, 13870, 19332
2023-05-24 17:34:51.157687, 21, 52, 400, 0, 13870, 19332
2023-05-24 17:34:51.158474, 21, 52, 400, 0, 13870, 19332
2023-05-24 17:35:01.512550, 21, 52, 400, 0, 13874, 19364
2023-05-24 17:35:01.512941, 21, 52, 400, 0, 13874, 19364
2023-05-24 17:35:01.514387, 21, 52, 400, 0, 13874, 19364
2023-05-24 17:35:11.890873, 21, 52, 436, 14, 13841, 19339
2023-05-24 17:35:11.891289, 21, 52, 436, 14, 13841, 19339
2023-05-24 17:35:11.892615, 21, 52, 436, 14, 13841, 19339
2023-05-24 17:35:25.782350, 21, 52, 400, 0, 13844, 19339
2023-05-24 17:35:25.782819, 21, 52, 400, 0, 13844, 19339
2023-05-24 17:35:25.784000, 21, 52, 400, 0, 13844, 19339
2023-05-24 17:35:36.154924, 21, 53, 400, 0, 13765, 19291
2023-05-24 17:35:36.155395, 21, 53, 400, 0, 13765, 19291
2023-05-24 17:35:36.156010, 21, 53, 400, 0, 13765, 19291
2023-05-24 17:35:46.513044, 21, 54, 400, 2, 13802, 19282
2023-05-24 17:35:46.513534, 21, 54, 400, 2, 13802, 19282
2023-05-24 17:35:46.514905, 21, 54, 400, 2, 13802, 19282
2023-05-24 17:35:56.944629, 21, 54, 400, 0, 13785, 19292
2023-05-24 17:35:56.945113, 21, 54, 400, 0, 13785, 19292
2023-05-24 17:35:56.946647, 21, 54, 400, 0, 13785, 19292
2023-05-24 17:36:07.298905, 21, 55, 419, 10, 13769, 19290
2023-05-24 17:36:07.299335, 21, 55, 419, 10, 13769, 19290
2023-05-24 17:36:07.300729, 21, 55, 419, 10, 13769, 19290
2023-05-24 17:36:17.637425, 21, 55, 400, 0, 13795, 19311
2023-05-24 17:36:17.638091, 21, 55, 400, 0, 13795, 19311
2023-05-24 17:36:17.639086, 21, 55, 400, 0, 13795, 19311
2023-05-24 17:36:27.907070, 21, 56, 400, 0, 13837, 19356
2023-05-24 17:36:27.907522, 21, 56, 400, 0, 13837, 19356
2023-05-24 17:36:27.908928, 21, 56, 400, 0, 13837, 19356
2023-05-24 17:36:38.413253, 21, 56, 400, 0, 13825, 19371
2023-05-24 17:36:38.413846, 21, 56, 400, 0, 13825, 19371
2023-05-24 17:36:38.414543, 21, 56, 400, 0, 13825, 19371
2023-05-24 17:36:48.759934, 21, 56, 400, 0, 13815, 19355
2023-05-24 17:36:48.760462, 21, 56, 400, 0, 13815, 19355
2023-05-24 17:36:48.761160, 21, 56, 400, 0, 13815, 19355
2023-05-24 17:36:59.115125, 21, 56, 400, 0, 13847, 19385
2023-05-24 17:36:59.115468, 21, 56, 400, 0, 13847, 19385
2023-05-24 17:36:59.116217, 21, 56, 400, 0, 13847, 19385
2023-05-24 17:37:19.722266, 21, 56, 400, 0, 13809, 19376
2023-05-24 17:37:19.722758, 21, 56, 400, 0, 13809, 19376
2023-05-24 17:37:19.723583, 21, 56, 400, 0, 13809, 19376
2023-05-24 17:37:30.587111, 21, 55, 400, 0, 13805, 19368
2023-05-24 17:37:30.587577, 21, 55, 400, 0, 13805, 19368
2023-05-24 17:37:30.588722, 21, 55, 400, 0, 13805, 19368
2023-05-24 21:01:02.243353, 20, 97, 400, 0, 13240, 18550
2023-05-24 21:01:02.243744, 20, 97, 400, 0, 13240, 18550
2023-05-24 21:01:02.245114, 20, 97, 400, 0, 13240, 18550
2023-05-24 21:01:12.621148, 20, 97, 400, 0, 13288, 18623
2023-05-24 21:01:12.621643, 20, 97, 400, 0, 13288, 18623
2023-05-24 21:01:12.623212, 20, 97, 400, 0, 13288, 18623
2023-05-24 21:01:23.015409, 20, 97, 400, 0, 13313, 18657
2023-05-24 21:01:23.015780, 20, 97, 400, 0, 13313, 18657
2023-05-24 21:01:23.017034, 20, 97, 400, 0, 13313, 18657
2023-05-24 21:12:44.828570, 22, 99, 431, 10, 13292, 18745
2023-05-24 21:12:44.828856, 22, 99, 431, 10, 13292, 18745
2023-05-24 21:12:44.830294, 22, 99, 431, 10, 13292, 18745
2023-05-24 21:12:55.245809, 22, 99, 434, 9, 13287, 18752
2023-05-24 21:12:55.246150, 22, 99, 434, 9, 13287, 18752
2023-05-24 21:12:55.247507, 22, 99, 434, 9, 13287, 18752
2023-05-24 21:13:06.644861, 22, 99, 444, 16, 13286, 18739
2023-05-24 21:13:06.645433, 22, 99, 444, 16, 13286, 18739
2023-05-24 21:13:06.646395, 22, 99, 444, 16, 13286, 18739
